TimeWindows,Cluster0,Cluster1,Cluster2,Cluster3,Cluster4,Cluster5,Cluster6,Cluster7,Cluster8,Cluster9,Cluster10,Cluster11,Cluster12,Cluster13,Cluster14,Cluster15,Cluster16,Cluster17,Cluster18,Cluster19
2014-05-19 00:00:00/2014-05-20 00:00:00,0.7751937984496123,0.85060175549724,4.307302506560492,1.839954151962115,4.723554429463396,0.9938768738877326,39.42327994449974,11.944620396344222,9.671824570928724,1.3151147709106263,2.2200102554821584,0.5067414713600579,2.9861550990860555,6.094471088589268,7.460863270292281,1.6619913733297136,0.49165987995053234,1.2713781558230024,0.5851657466895906,0.8762404608934334
2014-05-20 00:00:00/2014-05-21 00:00:00,2.203814430553258,1.1627632169782336,6.014699974003261,1.8847635478458156,9.726325242833171,1.7370548058516295,14.665705575118757,13.771181433601965,6.327842507030936,1.9958405218254436,3.7340769976130264,0.9666060076099543,5.4144116465388885,12.474889513860987,11.121877437194243,2.4732351759506535,0.9264292297875357,1.5846193841136293,0.6487367948384657,1.1651265568501405
2014-05-21 00:00:00/2014-05-22 00:00:00,1.8988769112805015,1.7071850615669117,6.391231789274277,2.2709846195480585,12.536646971268775,1.8785801271931803,9.541743719272924,17.198141716656895,8.414144603310632,1.858283343105859,4.22398628839475,1.1095575301068965,8.111948040232736,7.015921699517388,8.181859185422399,2.4265932975508546,0.981011230887195,2.2529430336926617,0.7802985882459068,1.2200622434712012
2014-05-22 00:00:00/2014-05-23 00:00:00,NaN,NaN,NaN,NaN,NaN,NaN,NaN,NaN,NaN,NaN,NaN,NaN,NaN,NaN,NaN,NaN,NaN,NaN,NaN,NaN
2014-05-23 00:00:00/2014-05-24 00:00:00,1.7941185287328756,1.3039959231391827,5.443808267633922,2.3292065109865403,9.189424143409575,1.588776641985671,8.85068497257112,19.138763152372672,7.082046823945562,1.9275158128241254,3.3754009412752177,0.9412752180820768,8.660331544710573,7.853952456608411,11.680506010372014,2.919751791120837,0.8933121496447735,2.958721784226146,0.7719056326628496,1.2965016936958542
2014-05-24 00:00:00/2014-05-25 00:00:00,1.4685434098504624,2.397970385187715,6.2181348035030375,2.3564998902251606,11.362915619739956,1.7344424657868418,7.796453052960262,17.390774034591274,9.199131559046666,2.3735759763862125,2.8809796794574685,1.4148757104871563,10.75549484058254,6.42060839655551,8.623423511331204,2.107676920449833,0.7708633181274852,2.6809455272851466,0.7098772961237285,1.3368136023223478
2014-05-25 00:00:00/2014-05-26 00:00:00,1.5022725286251202,1.3372956909361071,4.469670483349358,1.7131369635521372,5.3218687177694255,3.462328467791277,7.858797307927629,16.09452845031029,14.536535267896163,2.5806310637182066,2.0933484835241676,1.5787518573551262,13.802333712088105,4.200900270955336,8.7350319028057,1.9535005681321562,0.5386329866270431,4.25334323922734,1.6716196136701338,2.2954724237391835
2014-05-26 00:00:00/2014-05-27 00:00:00,1.3567454103221936,1.460700363175957,5.305700862959384,1.8505314363775698,6.008063172625196,2.345650218238763,10.893945956752074,12.00079965348349,13.388864825242395,2.0950921267450773,2.3836337587045615,1.084863225935428,11.143171292439943,4.2148402358977775,13.34888215106787,2.9427248192449937,0.5450971245793489,1.7912238030186918,3.19328291073868,2.646186652450605
2014-05-27 00:00:00/2014-05-28 00:00:00,1.8864523881045359,1.3487533793932112,6.833884049264043,1.9465304896365274,12.021628116551517,1.6551516972063682,8.125563232201863,11.306698708320816,11.694202463202162,2.1688194653048964,3.277260438570141,1.0363472514268548,8.819465304896365,4.968458996695705,13.27726043857014,2.5022529288074495,0.964253529588465,1.2586362270952238,2.337038149594473,2.57134274556924
2014-05-28 00:00:00/2014-05-29 00:00:00,1.502649179188743,2.57534960479458,6.562147138017893,2.7751237731260314,11.669417180578476,1.4288195952401632,13.892990532441587,12.794232606618603,9.706418830886824,2.2322591852688265,4.238686701989056,0.6470945887257882,3.9998262833318856,5.611048380092069,12.47285677060714,2.392947103274559,1.0205854251715452,0.9076695908972465,1.6633370971944756,1.9065404325545035
2014-05-29 00:00:00/2014-05-30 00:00:00,1.3085358915504288,2.466011417809429,6.729052635709102,2.2227453750024524,15.11388382084633,1.4144743295470152,11.643419064995195,12.027936358464286,8.906676083416711,1.953975634159261,4.780962470327428,0.6101269299433034,4.070782571165127,4.710336844996371,12.828360112216272,2.9780472014595967,1.593000215800522,1.0260333902261982,1.5164891216918763,2.0991505306731018
2014-05-30 00:00:00/2014-05-31 00:00:00,3.2122559920929086,2.8580841775801007,6.408038876534059,2.190923317683881,21.373857178156662,1.301375504488922,8.541306317436785,10.25450951321967,7.635285396590067,2.5862779013260853,4.810147434313484,1.046042335886665,3.64055679103863,4.579523927188864,10.551025450951323,2.8663207314059798,1.531999011613541,0.7742360596326497,1.1036982126678199,2.734535870191912
2014-05-19 00:00:00/2014-05-21 00:00:00,1.5762065035910213,1.0256274348713328,5.264622478997165,1.8650783134126627,7.528555905970901,1.410568997959346,25.541965918426843,12.96875414093764,7.796888665094215,1.6967906076908807,3.068931704343678,0.7645827259958128,4.347653247820211,9.671905228844778,9.513555773460897,2.1168473219728092,0.7354305250046379,1.4470092491983146,0.6208093711075187,1.0382158852993402
2014-05-21 00:00:00/2014-05-23 00:00:00,1.8988769112805015,1.7071850615669117,6.391231789274277,2.2709846195480585,12.536646971268775,1.8785801271931803,9.541743719272924,17.198141716656895,8.414144603310632,1.858283343105859,4.22398628839475,1.1095575301068965,8.111948040232736,7.015921699517388,8.181859185422399,2.4265932975508546,0.981011230887195,2.2529430336926617,0.7802985882459068,1.2200622434712012
2014-05-23 00:00:00/2014-05-25 00:00:00,1.6702100992470592,1.720344254532963,5.738503959669857,2.339593913342184,10.016618544066993,1.644214611321035,8.449461986240959,18.47350781257253,7.887773764982221,2.097278829460315,3.18723250178719,1.1215196219513326,9.457715553657472,7.308445748345108,10.51703168664296,2.6106897159992943,0.8467101781619333,2.8530047998811634,0.74829868815627,1.3118437299811532
2014-05-25 00:00:00/2014-05-27 00:00:00,1.411878655424619,1.4139482518119315,4.988969051255624,1.7984792605746027,5.748097006121866,2.768706046946724,9.74407371074493,13.551717144122552,13.823662109415421,2.279039541708576,2.2736585911015634,1.2719739396422909,12.15060038991196,4.209559051793719,11.600915589441747,2.5679551973774073,0.5426481727533496,2.7240027649807734,2.6167976721179835,2.513317852752356
2014-05-27 00:00:00/2014-05-29 00:00:00,1.729526244761702,1.8502734569216563,6.722778606435116,2.285318559556787,11.877619149087293,1.5626109808935293,10.483699126358406,11.914908729313161,10.881454648767669,2.194758150436821,3.6703601108033244,0.8771929824561404,6.848852901484481,5.231195397400383,12.948362809858654,2.457560906314369,0.9872860288372753,1.1151360181831096,2.0615810782015767,2.299524113928546
2014-05-29 00:00:00/2014-05-31 00:00:00,1.6747472826948062,2.5414329625756564,6.667300440472795,2.216623886934753,16.31809107329594,1.3927179389675823,11.04667744082137,11.68678898501125,8.66210349526254,2.075609215071141,4.7865766707861965,0.693982317710809,3.9880216750641693,4.685172861805621,12.390277909813987,2.9565548055898847,1.5812656462908388,0.9775960959533542,1.4370821053965839,2.2213771904807174
2014-05-19 00:00:00/2014-05-21 00:00:00,1.5762065035910213,1.0256274348713328,5.264622478997165,1.8650783134126627,7.528555905970901,1.410568997959346,25.541965918426843,12.96875414093764,7.796888665094215,1.6967906076908807,3.068931704343678,0.7645827259958128,4.347653247820211,9.671905228844778,9.513555773460897,2.1168473219728092,0.7354305250046379,1.4470092491983146,0.6208093711075187,1.0382158852993402
2014-05-20 00:00:00/2014-05-22 00:00:00,2.098970287203027,1.3499472737423237,6.144159791576205,2.0175547422616464,10.692574902301345,1.7857142857142858,12.90397618013771,14.949444823522114,7.045158488927486,1.9485453755970474,3.9025184541901865,1.0157558464115128,6.341883257862415,10.597977792940885,10.111035295577198,2.457198684945103,0.9451957074623162,1.8144035729793437,0.693970597357484,1.1840146392903665
2014-05-21 00:00:00/2014-05-23 00:00:00,1.8988769112805015,1.7071850615669117,6.391231789274277,2.2709846195480585,12.536646971268775,1.8785801271931803,9.541743719272924,17.198141716656895,8.414144603310632,1.858283343105859,4.22398628839475,1.1095575301068965,8.111948040232736,7.015921699517388,8.181859185422399,2.4265932975508546,0.981011230887195,2.2529430336926617,0.7802985882459068,1.2200622434712012
2014-05-22 00:00:00/2014-05-24 00:00:00,1.7941185287328756,1.3039959231391827,5.443808267633922,2.3292065109865403,9.189424143409575,1.588776641985671,8.85068497257112,19.138763152372672,7.082046823945562,1.9275158128241254,3.3754009412752177,0.9412752180820768,8.660331544710573,7.853952456608411,11.680506010372014,2.919751791120837,0.8933121496447735,2.958721784226146,0.7719056326628496,1.2965016936958542
2014-05-23 00:00:00/2014-05-25 00:00:00,1.6702100992470592,1.720344254532963,5.738503959669857,2.339593913342184,10.016618544066993,1.644214611321035,8.449461986240959,18.47350781257253,7.887773764982221,2.097278829460315,3.18723250178719,1.1215196219513326,9.457715553657472,7.308445748345108,10.51703168664296,2.6106897159992943,0.8467101781619333,2.8530047998811634,0.74829868815627,1.3118437299811532
2014-05-24 00:00:00/2014-05-26 00:00:00,1.4918390292859245,1.6653964277359814,5.010526633514688,1.9121497724888885,7.190558477524316,2.9278378521140045,7.839512228250617,16.495498826601064,12.885504938839881,2.516582277525826,2.336988099999245,1.5280597037450667,12.859848627764656,4.8875272598305175,8.700507844039812,2.001192263867613,0.6104692841134612,3.7669501437508015,1.3741218372937118,1.9989284717139169
2014-05-25 00:00:00/2014-05-27 00:00:00,1.411878655424619,1.4139482518119315,4.988969051255624,1.7984792605746027,5.748097006121866,2.768706046946724,9.74407371074493,13.551717144122552,13.823662109415421,2.279039541708576,2.2736585911015634,1.2719739396422909,12.15060038991196,4.209559051793719,11.600915589441747,2.5679551973774073,0.5426481727533496,2.7240027649807734,2.6167976721179835,2.513317852752356
2014-05-26 00:00:00/2014-05-28 00:00:00,1.4529192004581277,1.4403752283821003,5.583158354012708,1.8679610591475553,7.099888195031497,2.220283057456846,10.391317389763028,11.874778435275832,13.081181314935508,2.108478088953124,2.5458809413432957,1.0760546480870443,10.721278394371575,4.351667530200976,13.33587848708789,2.8627525837855528,0.6211993128084863,1.6945270104442203,3.037822802759674,2.6325979656949636
2014-05-27 00:00:00/2014-05-29 00:00:00,1.729526244761702,1.8502734569216563,6.722778606435116,2.285318559556787,11.877619149087293,1.5626109808935293,10.483699126358406,11.914908729313161,10.881454648767669,2.194758150436821,3.6703601108033244,0.8771929824561404,6.848852901484481,5.231195397400383,12.948362809858654,2.457560906314369,0.9872860288372753,1.1151360181831096,2.0615810782015767,2.299524113928546
2014-05-28 00:00:00/2014-05-30 00:00:00,1.3689374180732172,2.5000337842403275,6.677117258341329,2.3946269544183028,14.042081649752022,1.4189380937580236,12.343410046081702,12.26638197813484,9.15552912877201,2.0405681157853484,4.612224489520129,0.6216300220273246,4.048703360856227,4.990607981188935,12.717739428911202,2.795983729509858,1.4148839849187151,0.989202556791308,1.562183272746929,2.0392167461722455
2014-05-29 00:00:00/2014-05-31 00:00:00,1.6747472826948062,2.5414329625756564,6.667300440472795,2.216623886934753,16.31809107329594,1.3927179389675823,11.04667744082137,11.68678898501125,8.66210349526254,2.075609215071141,4.7865766707861965,0.693982317710809,3.9880216750641693,4.685172861805621,12.390277909813987,2.9565548055898847,1.5812656462908388,0.9775960959533542,1.4370821053965839,2.2213771904807174
2014-05-19 00:00:00/2014-05-22 00:00:00,1.6494771449348096,1.1803926790048853,5.52044819074736,1.9572498130831548,8.665772197015475,1.5168430000921782,21.90870264346508,13.929145713202987,7.9370525517990105,1.733461699970298,3.3312166494259348,0.842918156026916,5.202433503692248,9.068795640996752,9.211159703800814,2.187183137540072,0.7911959605477431,1.6300173090119523,0.6570255128690967,1.0795087927732314
2014-05-20 00:00:00/2014-05-23 00:00:00,2.098970287203027,1.3499472737423237,6.144159791576205,2.0175547422616464,10.692574902301345,1.7857142857142858,12.90397618013771,14.949444823522114,7.045158488927486,1.9485453755970474,3.9025184541901865,1.0157558464115128,6.341883257862415,10.597977792940885,10.111035295577198,2.457198684945103,0.9451957074623162,1.8144035729793437,0.693970597357484,1.1840146392903665
2014-05-21 00:00:00/2014-05-24 00:00:00,1.8359445344858634,1.4649738879884746,5.822078155951738,2.305960741941293,10.525841887268143,1.7044840626688276,9.126598235188187,18.36394741581127,7.613902395101746,1.8998739420133262,3.714208535926526,1.0084638933909598,8.441383036196651,7.519358905096344,10.283630470016208,2.7228525121555913,0.9283270304339997,2.676931388438682,0.7752566180443003,1.2659823518818656
2014-05-22 00:00:00/2014-05-25 00:00:00,1.6702100992470592,1.720344254532963,5.738503959669857,2.339593913342184,10.016618544066993,1.644214611321035,8.449461986240959,18.47350781257253,7.887773764982221,2.097278829460315,3.18723250178719,1.1215196219513326,9.457715553657472,7.308445748345108,10.51703168664296,2.6106897159992943,0.8467101781619333,2.8530047998811634,0.74829868815627,1.3118437299811532
2014-05-23 00:00:00/2014-05-26 00:00:00,1.5930615993856625,1.544376352019434,5.1556171231536,2.051807126114867,7.859906945929261,2.4794342473110187,8.178117737993064,17.380633309743576,10.94213482300152,2.3193250317457927,2.6847153418758376,1.3315666109546827,11.453580875230251,5.880876735980405,9.698402421212714,2.3087849266458877,0.70518322216032,3.4963034345685333,1.172461214922781,1.7637109200507932
2014-05-24 00:00:00/2014-05-27 00:00:00,1.4200986602308678,1.5566942452916988,5.167276510513614,1.8794278555908643,6.562603950655729,2.6186718379537557,9.461544450185077,14.108625338834903,13.152810117981783,2.292753356500322,2.3617588981761304,1.2927038140601446,11.948221072523054,4.530302279659997,11.168989263445464,2.5011854798185333,0.5757539297771298,2.7177567183087628,2.3401725492416467,2.342649671250522
2014-05-25 00:00:00/2014-05-28 00:00:00,1.4693524153912756,1.4060527569911563,5.2123994572236185,1.8164091631712402,6.507859707584681,2.633847855269333,9.548062266491563,13.279831782976757,13.565771619197987,2.265691221355995,2.3952008672780782,1.243438117308091,11.747179709185362,4.301466442086269,11.803931127061333,2.5599982538025268,0.5937071408562916,2.5465379816139957,2.582917095637053,2.5203450195173946
2014-05-26 00:00:00/2014-05-29 00:00:00,1.4584675914934029,1.5670047145812842,5.69238447337691,1.9691735188801294,7.609712134353453,2.131979203511951,10.782000281033623,11.977362257184527,12.704657890018945,2.1222883889505333,2.734747869232148,1.0281954249664456,9.97136364297101,4.4921770899452955,13.239590853809217,2.8103362228112085,0.6657589603694138,1.6067370542830977,2.884470954206056,2.551591474021349
2014-05-27 00:00:00/2014-05-30 00:00:00,1.5295137432542012,2.1428105397571047,6.725759397515123,2.255590041849584,13.415168377000438,1.4922312632236296,11.03468202704844,11.968608151814259,9.943237424153455,2.080362385705897,4.198007251442366,0.7503099106152541,5.528991788533774,4.983735518086664,12.891349532570906,2.704843926217972,1.27506081704555,1.0728033628796987,1.8026079094781384,2.204326631807548
2014-05-28 00:00:00/2014-05-31 00:00:00,1.6287439052704897,2.5504991873693985,6.639192013002089,2.3659159507778034,15.07545855583933,1.4023682377524957,11.80752263756675,11.982818667285812,8.941258416531227,2.1174831669375433,4.640120733689343,0.6814488042721151,3.991177153471093,4.932667750174135,12.412351985140468,2.8058973763640584,1.4313907592291617,0.958904109589041,1.49756210819596,2.137218481541676
2014-05-19 00:00:00/2014-05-23 00:00:00,1.6494771449348096,1.1803926790048853,5.52044819074736,1.9572498130831548,8.665772197015475,1.5168430000921782,21.90870264346508,13.929145713202987,7.9370525517990105,1.733461699970298,3.3312166494259348,0.842918156026916,5.202433503692248,9.068795640996752,9.211159703800814,2.187183137540072,0.7911959605477431,1.6300173090119523,0.6570255128690967,1.0795087927732314
2014-05-20 00:00:00/2014-05-24 00:00:00,1.995032858763529,1.334280428850301,5.905379025581799,2.12381059452388,10.180084420960108,1.718569545087538,11.522030191224717,16.377768465807467,7.057735351532557,1.941375468863383,3.7228008135482353,0.9903621107284117,7.132344674631807,9.662418364113936,10.64613717894995,2.6149034678004557,0.9275063111310977,2.204552190754576,0.7205420929448197,1.2223664442014246
2014-05-21 00:00:00/2014-05-25 00:00:00,1.7368943723570072,1.7165067443588748,5.928853754940712,2.319585933852012,10.751514274627926,1.7125607518431074,8.767995370035448,18.10158300066424,8.041275081714929,2.027582487685215,3.4895727147770845,1.1180312128007996,9.065260139556601,7.223139300112461,9.836044010969859,2.5570031502173585,0.8858753197898102,2.6780135873675626,0.7576305630273654,1.2850782293016252
2014-05-22 00:00:00/2014-05-26 00:00:00,1.5930615993856625,1.544376352019434,5.1556171231536,2.051807126114867,7.859906945929261,2.4794342473110187,8.178117737993064,17.380633309743576,10.94213482300152,2.3193250317457927,2.6847153418758376,1.3315666109546827,11.453580875230251,5.880876735980405,9.698402421212714,2.3087849266458877,0.70518322216032,3.4963034345685333,1.172461214922781,1.7637109200507932
2014-05-23 00:00:00/2014-05-27 00:00:00,1.4915374573437465,1.5084281886265258,5.220094817122049,1.9653367840047637,7.064333646336715,2.4219590958019377,9.344868653093007,15.069395140049927,11.993278061516616,2.2229920069624165,2.555367244577789,1.2255800105352357,11.320225362435014,5.165128369557749,11.266690332776035,2.581132766873554,0.6364084007054027,2.763781691592424,2.040629365824611,2.14283260426448
2014-05-24 00:00:00/2014-05-28 00:00:00,1.4692474262052198,1.5347794704251034,5.342919373425015,1.8864997657308564,7.137927541187048,2.5171269738758246,9.320746115564335,13.813331813749699,12.99908824981955,2.2796920310501587,2.4582431080550595,1.2656865352226823,11.618483202269244,4.576479377983766,11.39117881700414,2.501297977687447,0.6166976914991958,2.5639808025934228,2.3398422165659944,2.366751510086236
2014-05-25 00:00:00/2014-05-29 00:00:00,1.4719259908227007,1.4964301179219157,5.3167242345817005,1.8905101893531244,6.906807112238972,2.540708739917223,9.883890718306596,13.24229882279488,13.267474295842018,2.263107190450775,2.5376876831515665,1.1973454981219096,11.148370811220875,4.402686726483591,11.855633767358489,2.547086526422498,0.6267014423867691,2.419866469290958,2.511840864156504,2.47290279917693
2014-05-26 00:00:00/2014-05-30 00:00:00,1.4287712644839405,1.745067106009621,5.897712877981302,2.019397405907816,9.096031147757564,1.9898660988366221,10.95261779494393,11.987379251925365,11.952407967235793,2.088951405457075,3.140032795293642,0.9453903961080846,8.802660926195047,4.535387054407548,13.158140149366243,2.843554015092052,0.849413648126705,1.4917195769251692,2.613520675800648,2.4619784421458384
2014-05-27 00:00:00/2014-05-31 00:00:00,1.7005777442853554,2.215523737754333,6.693460604538223,2.249016160093779,14.22423176756259,1.4728292723771246,10.78121075106757,11.794356526835804,9.708615925646821,2.131792681905719,4.260236121577493,0.7803734405090849,5.337017499790672,4.942644226743699,12.653437159842586,2.7212593150799633,1.3011806078874655,1.0424516453152475,1.7315582349493426,2.2582265762371265
2014-05-19 00:00:00/2014-05-24 00:00:00,1.6863110323979358,1.2118690647042658,5.500931326147364,2.051971052551223,8.799123637362973,1.5351613789734038,18.583391859293414,15.255809337689701,7.719319673883172,1.7828788665302757,3.3424684723197657,0.8679654340590552,6.083010168249412,8.759427768786834,9.839995114354638,2.3737366026443554,0.8172005252068766,1.9683807139149287,0.6862804971144157,1.1347674738159943
2014-05-20 00:00:00/2014-05-25 00:00:00,1.9038444475428744,1.5185124155501755,5.959548586904626,2.164112574415136,10.384951770119022,1.7213187481779118,10.876757126741282,16.553221874353024,7.428626958876791,2.016232956874078,3.576996691721699,1.0638882199096666,7.75987730216876,9.100934176669666,10.295801486401412,2.5270514071801893,0.9003756142285543,2.287063913570701,0.7186949412495405,1.2421887873448847
2014-05-21 00:00:00/2014-05-26 00:00:00,1.6487328650428401,1.574014393569285,5.380551028200065,2.0917066602074876,8.711270583501998,2.3700534934990825,8.426355093377563,17.347412154478388,10.48193414100443,2.2353960284258627,2.964927477923155,1.2911516087051125,10.845262972070893,6.08750271983447,9.422327685656928,2.3302310114499902,0.7553955357766,3.2699594795981626,1.101071101604805,1.6647439660728875
2014-05-22 00:00:00/2014-05-27 00:00:00,1.4915374573437465,1.5084281886265258,5.220094817122049,1.9653367840047637,7.064333646336715,2.4219590958019377,9.344868653093007,15.069395140049927,11.993278061516616,2.2229920069624165,2.555367244577789,1.2255800105352357,11.320225362435014,5.165128369557749,11.266690332776035,2.581132766873554,0.6364084007054027,2.763781691592424,2.040629365824611,2.14283260426448
2014-05-23 00:00:00/2014-05-28 00:00:00,1.5258995175041952,1.4945346764455272,5.3605127106018395,1.9637004239481017,7.495674265670659,2.355238189830473,9.23877530750613,14.741998044924909,11.967255105934752,2.21827838387429,2.618180107372306,1.209114622811649,11.102630987417472,5.148015912429364,11.441632644526575,2.574269329890171,0.6649346304437603,2.6328170331996845,2.0664202784152392,2.1801178272529107
2014-05-24 00:00:00/2014-05-29 00:00:00,1.4715168396763667,1.6054788699978166,5.425757298570089,1.9468754979315555,7.445810293241114,2.4431841653339315,9.631397867230055,13.74409121220884,12.775374592064964,2.2764693038105412,2.5792116895149633,1.2236575765265476,11.100849213046839,4.646771042956371,11.46467120288461,2.4939363001693704,0.644139013638161,2.4514461407722585,2.2938784663413023,2.3354834140843077
2014-05-25 00:00:00/2014-05-30 00:00:00,1.4480540698574305,1.6380896692864637,5.523070837704439,1.9390510258482812,8.105892536731618,2.376161567521397,10.140964566816288,13.064875803280193,12.630344930377607,2.2179418829288986,2.8654387443318945,1.1115506102349793,10.114307989520812,4.447635590256878,11.997752821871005,2.610051536049438,0.7678814040277229,2.2162221037485454,2.366416152166062,2.4182961574400514
2014-05-26 00:00:00/2014-05-31 00:00:00,1.5091189075864115,1.7952095586188983,5.920703538099037,2.027124807510343,9.649158611477022,1.958848958236702,10.843985973765747,11.909311861073489,11.757917586597154,2.1113564259077164,3.215273010630995,0.9499248594593591,8.570103341434907,4.5373754615113455,13.040687211265515,2.8445796768029092,0.8801647525928125,1.4593962782240857,2.5455017718325013,2.4742574073730497
2014-05-19 00:00:00/2014-05-25 00:00:00,1.6568476987309604,1.3723451656022576,5.59796689605096,2.093172929352938,9.145997326600327,1.5621235374688518,17.123950030529564,15.544663927257126,7.9195339703285645,1.862798488374012,3.280030364539499,0.94196082314306,6.71518391999604,8.442992227337987,9.675396471772531,2.3377394920540624,0.8109312342195159,2.0647886859085434,0.6894730762248956,1.1621037345083092
2014-05-20 00:00:00/2014-05-26 00:00:00,1.7918569683157275,1.467976002949358,5.544062131520656,2.038347750047988,8.972995700883892,2.2068389766214613,10.035130268397687,16.42530476193378,9.410829141365053,2.173628228526509,3.163247584603619,1.2074696761495032,9.444953946747022,7.734448076975811,9.860545326577434,2.3671036876117815,0.7994954403775666,2.8354057043268424,0.9844396981173467,1.5359209279509578
2014-05-21 00:00:00/2014-05-27 00:00:00,1.5374219476382334,1.5308170284976859,5.352016786656031,1.9997662874765654,7.680758854402179,2.3607505220426477,9.367045518054292,15.309186426383096,11.590108879551678,2.1819096345447435,2.7433277614912894,1.2125107329936033,10.958831030926264,5.37360979153859,10.919201516082978,2.5637247679387065,0.6752259644452122,2.7062386001635987,1.898660217555875,2.038887731616732
2014-05-22 00:00:00/2014-05-28 00:00:00,1.5258995175041952,1.4945346764455272,5.3605127106018395,1.9637004239481017,7.495674265670659,2.355238189830473,9.23877530750613,14.741998044924909,11.967255105934752,2.21827838387429,2.618180107372306,1.209114622811649,11.102630987417472,5.148015912429364,11.441632644526575,2.574269329890171,0.6649346304437603,2.6328170331996845,2.0664202784152392,2.1801178272529107
2014-05-23 00:00:00/2014-05-29 00:00:00,1.524579655835511,1.555889749026182,5.428726394162023,2.0097628322074845,7.732606873428331,2.3026477984320297,9.502983087618952,14.631428430550761,11.8389132685765,2.219072037867955,2.710172082244465,1.177210196735861,10.699423105369558,5.174301069966964,11.500172575316798,2.563976135299048,0.6851240076919284,2.5348848676100784,2.0435382870667125,2.1645875449928504
2014-05-24 00:00:00/2014-05-30 00:00:00,1.4502084001282463,1.7179865341455596,5.596152613016993,1.9829432510420009,8.448348829753126,2.3086886822699584,9.894453350432832,13.519717858287914,12.26957358127605,2.234305867265149,2.867072779737095,1.1434434113497918,10.181724911830715,4.655081756973389,11.642962487976916,2.5572298813722347,0.7681949342738058,2.2650849631292083,2.192241102917602,2.304584802821417
2014-05-25 00:00:00/2014-05-31 00:00:00,1.5073831861127962,1.6791173969525488,5.552831814039549,1.9475213490553236,8.552086709157035,2.3400171180229514,10.087168961534308,12.970364769003638,12.462363893713144,2.230328815615626,2.9308382014442294,1.109347603892273,9.896599385634712,4.4520709206892635,11.949100195832399,2.6186697246435826,0.7935782484772439,2.1677289258579093,2.3239516595895555,2.4289311207319204
2014-05-19 00:00:00/2014-05-26 00:00:00,1.6209858737227925,1.3642136000588068,5.336199314091044,2.0050036373959794,8.258789951154968,2.0029758208221278,14.974411489608709,15.672233868085463,9.454694775584075,2.0293374362822014,3.004717208304923,1.0896979313736177,8.359420348632366,7.458816312770429,9.45722954630139,2.2485951033299285,0.7477573616078558,2.5725388010027554,0.9173335225962136,1.425048097274361
2014-05-20 00:00:00/2014-05-27 00:00:00,1.6553342031312726,1.4656931620500468,5.469272715107722,1.979417569918373,8.042703733440385,2.2503930817610063,10.304596547571256,15.037050046835274,10.658997390606183,2.1489863508631073,2.9186320754716983,1.1690000669075338,9.977795062224006,6.630118426334805,10.95506322761943,2.547713435032785,0.719674160310451,2.5077780008028903,1.6774973236986486,1.8842834203131273
2014-05-21 00:00:00/2014-05-28 00:00:00,1.564637322690052,1.5166207581464202,5.467564225082916,1.9956152678621621,8.019234733074747,2.305732006670789,9.270241909794443,14.997095583412971,11.598225495156184,2.1808889388573465,2.7849607435306463,1.1987745235819889,10.792015665111398,5.342018475837128,11.103069312496487,2.558931549459404,0.6977626623194109,2.5933629396443494,1.9328423932392678,2.0804054940318926
2014-05-22 00:00:00/2014-05-29 00:00:00,1.524579655835511,1.555889749026182,5.428726394162023,2.0097628322074845,7.732606873428331,2.3026477984320297,9.502983087618952,14.631428430550761,11.8389132685765,2.219072037867955,2.710172082244465,1.177210196735861,10.699423105369558,5.174301069966964,11.500172575316798,2.563976135299048,0.6851240076919284,2.5348848676100784,2.0435382870667125,2.1645875449928504
2014-05-23 00:00:00/2014-05-30 00:00:00,1.5004610232745574,1.6574936540858052,5.573891846786964,2.0335397169908433,8.556635778472295,2.2034941402956245,9.741936472963888,14.340780520069297,11.511565004281714,2.189477280641622,2.941350393019604,1.1139023156290175,9.959416811033021,5.122505163241662,11.648448399340332,2.610202083693793,0.786477234648801,2.3664401337734047,1.984699721633928,2.1572823061238346
2014-05-24 00:00:00/2014-05-31 00:00:00,1.5034227493433099,1.7524178142163498,5.620671814057152,1.9892243094802198,8.83870293719653,2.2782675316405316,9.85358791689883,13.42110761760726,12.129616731672373,2.2449355249542307,2.9257541988378573,1.1405018705723156,9.984179734139936,4.65279988856165,11.609985672212051,2.5665645148451803,0.791262039321818,2.220060893098782,2.159366791371488,2.3175694499721406
2014-05-19 00:00:00/2014-05-27 00:00:00,1.5481712445232823,1.3908016849744207,5.327795100059128,1.9624369695433896,7.638575190330862,2.0974038613385044,13.849990267693517,14.66052613216105,10.538802522320035,2.047456929953101,2.8335702140005656,1.088365670298837,9.126516311712923,6.564899793968908,10.529621101109484,2.439870872492095,0.6919119024272006,2.3572380815971266,1.5444986760390615,1.7615474734565113
2014-05-20 00:00:00/2014-05-28 00:00:00,1.6703742654849265,1.458083282182805,5.5580750720342795,1.9772774365570547,8.301633037637666,2.211657628987298,10.162795516476987,14.794296683490956,10.726363568834277,2.1502769947728724,2.9419698883028844,1.1603676582701608,9.90241652038267,6.521985604872919,11.106180678001884,2.5447550834502954,0.7355902119391198,2.4264898487377873,1.7204170755450954,1.928993944038064
2014-05-21 00:00:00/2014-05-29 00:00:00,1.5614651903938555,1.5707993119418973,5.523577546548375,2.0355052204408373,8.206026286664207,2.2608575835292757,9.506802796680608,14.8843680132989,11.501415675101452,2.183517719274072,2.8593525675501485,1.1705432903222939,10.444437530280334,5.355785599672861,11.173165733995315,2.5504375925078118,0.7142825394144394,2.507100599606189,1.9190509420795534,2.07150826069757
2014-05-22 00:00:00/2014-05-30 00:00:00,1.5004610232745574,1.6574936540858052,5.573891846786964,2.0335397169908433,8.556635778472295,2.2034941402956245,9.741936472963888,14.340780520069297,11.511565004281714,2.189477280641622,2.941350393019604,1.1139023156290175,9.959416811033021,5.122505163241662,11.648448399340332,2.610202083693793,0.786477234648801,2.3664401337734047,1.984699721633928,2.1572823061238346
2014-05-23 00:00:00/2014-05-31 00:00:00,1.5447993958193773,1.6885909705717956,5.59549765965345,2.0376162173002172,8.88862339834533,2.1801277483604773,9.710838129941502,14.234939219258685,11.41116283435808,2.199755084973567,2.9897553836504285,1.1121446278699647,9.79574769485465,5.108441034787321,11.620023296795198,2.616835988001724,0.8057875042134772,2.3251993668050535,1.9618802988475341,2.1722341455921694
2014-05-19 00:00:00/2014-05-28 00:00:00,1.567659050163705,1.3883793530702513,5.414558342043511,1.9615206240871617,7.891075470522679,2.0719264607142116,13.520215689396194,14.467317795759584,10.605363162521545,2.0544484207466063,2.8591304588591164,1.0853689769982071,9.108827621532946,6.472931534537299,10.687907965140827,2.443464597451321,0.7076010438370008,2.2939494832729967,1.5901555372507217,1.8081984120941115
2014-05-20 00:00:00/2014-05-29 00:00:00,1.6631499397666987,1.5062066488585601,5.601322887906201,2.0116426107581913,8.44669165787485,2.1779388987407122,10.323464050820444,14.708149079290967,10.682432078535244,2.1538081662888056,2.9978226222810838,1.138259743952352,9.648177662050026,6.482749332196009,11.165046727573383,2.538216346045927,0.7478656460676258,2.361070581457122,1.7179585026225803,1.9280268169132115
2014-05-21 00:00:00/2014-05-30 00:00:00,1.5357281882879015,1.661892261471049,5.646241528342,2.054557976583788,8.90894028167327,2.1747332488246975,9.724215716609939,14.593709762743668,11.23738608801541,2.1601604998652517,3.054887360635611,1.1135177218601215,9.79588170121872,5.290107498976913,11.341591224410353,2.5939493147813586,0.8036970864483416,2.356393544072584,1.8780879754858413,2.0743210196931736
2014-05-22 00:00:00/2014-05-31 00:00:00,1.5447993958193773,1.6885909705717956,5.59549765965345,2.0376162173002172,8.88862339834533,2.1801277483604773,9.710838129941502,14.234939219258685,11.41116283435808,2.199755084973567,2.9897553836504285,1.1121446278699647,9.79574769485465,5.108441034787321,11.620023296795198,2.616835988001724,0.8057875042134772,2.3251993668050535,1.9618802988475341,2.1722341455921694
2014-05-19 00:00:00/2014-05-29 00:00:00,1.5651678998292544,1.4338635433204527,5.45853345182345,1.9926975473211583,8.035859902079237,2.0472828818393927,13.534500261277364,14.40320588989073,10.57091600182395,2.06126205287455,2.911994461585571,1.06857449067556,8.913052884535377,6.439904542232075,10.756306436742587,2.4415287887713975,0.7195944709050183,2.240827833195206,1.5929598231967703,1.8119668360809063
2014-05-20 00:00:00/2014-05-30 00:00:00,1.6322808383755065,1.589757514588574,5.699491598654965,2.030019075723964,9.027069767282999,2.1114794188820634,10.438365943087057,14.474836951231383,10.52785277708044,2.1364127733916707,3.1530446870607847,1.0922858592016886,9.16266622947908,6.328461082619915,11.309837916118047,2.57650355812631,0.821434487611026,2.244855787868386,1.700420622275049,1.94292311134109
2014-05-21 00:00:00/2014-05-31 00:00:00,1.5754001356524179,1.6901979433846057,5.664268061651685,2.0577848116068576,9.203899617210705,2.1540668438983697,9.696224341033297,14.491030568570737,11.152148999368514,2.170243784546539,3.0964223623790628,1.111921040937405,9.650227256780672,5.273292845504369,11.32288393922148,2.600394483468336,0.8209310121697371,2.318954696770069,1.8597634658413178,2.08994379000382
2014-05-19 00:00:00/2014-05-30 00:00:00,1.545100457608684,1.5145727579398864,5.557882206032826,2.010686228939339,8.589328804802207,1.997800164757535,13.386626413056652,14.21747074173106,10.440780097780682,2.0528727485821494,3.058139160288832,1.0327260008560029,8.534409626503566,6.30466030647356,10.918331500137297,2.483482059990765,0.7878907814017276,2.1458364973223065,1.5869801661995468,1.8344232795953777
2014-05-20 00:00:00/2014-05-31 00:00:00,1.664374554543903,1.615520777912739,5.713884176395595,2.033287491090878,9.27786756611154,2.0950239416966983,10.39983135408615,14.389110292419968,10.469096640131704,2.1455507928700253,3.1867050804581547,1.0913465238530238,9.050496735831567,6.2929352754382615,11.294424311780787,2.582390555828824,0.8358680412647105,2.2149833863697963,1.688299520496836,1.959002981418834
2014-05-19 00:00:00/2014-05-31 00:00:00,1.5755834267057023,1.5391380826737027,5.573426826182817,2.0139817592559126,8.823086468837724,1.9850664449825905,13.298032553824653,14.14501030108071,10.38948325923784,2.06262575149697,3.090173612366116,1.032969482295394,8.444928374356936,6.27311719135914,10.911615522704546,2.4904820423850316,0.8014963675136444,2.120757581233961,1.5781436368236528,1.8508813146829557
